owner_type,owner_url,owner_html_url,html_url,url,fork,created_at,updated_at,size,stargazers_count,language,has_issues,has_wiki,forks_count,forks,open_issues,watchers,commits,contributors,readme
User,https://api.github.com/users/jlevy,https://github.com/jlevy,https://github.com/jlevy/the-art-of-command-line,https://api.github.com/repos/jlevy/the-art-of-command-line,False,2015-05-20T15:11:03Z,2019-06-25T15:02:25Z,2557,58582,,True,False,6253,6253,151,58582,,,
Organization,https://api.github.com/users/public-apis,https://github.com/public-apis,https://github.com/public-apis/public-apis,https://api.github.com/repos/public-apis/public-apis,False,2016-03-20T23:49:42Z,2019-06-25T14:12:50Z,2504,58423,Python,True,True,6128,6128,72,58423,,,
Organization,https://api.github.com/users/tensorflow,https://github.com/tensorflow,https://github.com/tensorflow/models,https://api.github.com/repos/tensorflow/models,False,2016-02-05T01:15:20Z,2019-06-25T14:48:19Z,521554,54466,Python,True,True,33870,33870,1691,54466,,,
Organization,https://api.github.com/users/kubernetes,https://github.com/kubernetes,https://github.com/kubernetes/kubernetes,https://api.github.com/repos/kubernetes/kubernetes,False,2014-06-06T22:56:04Z,2019-06-25T15:03:43Z,873358,54430,Go,True,False,18867,18867,3221,54430,,,
Organization,https://api.github.com/users/moby,https://github.com/moby,https://github.com/moby/moby,https://api.github.com/repos/moby/moby,False,2013-01-18T18:10:57Z,2019-06-25T13:52:04Z,143175,53850,Go,True,True,15530,15530,3738,53850,,,
Organization,https://api.github.com/users/laravel,https://github.com/laravel,https://github.com/laravel/laravel,https://api.github.com/repos/laravel/laravel,False,2011-06-08T03:06:08Z,2019-06-25T15:01:48Z,9793,53136,PHP,False,False,16266,16266,27,53136,,,
User,https://api.github.com/users/mrdoob,https://github.com/mrdoob,https://github.com/mrdoob/three.js,https://api.github.com/repos/mrdoob/three.js,False,2010-03-23T18:58:01Z,2019-06-25T14:54:28Z,722824,52608,JavaScript,True,True,19822,19822,829,52608,,,
Organization,https://api.github.com/users/ytdl-org,https://github.com/ytdl-org,https://github.com/ytdl-org/youtube-dl,https://api.github.com/repos/ytdl-org/youtube-dl,False,2010-10-31T14:35:07Z,2019-06-25T15:10:21Z,56079,51877,Python,True,False,9017,9017,2905,51877,,,
Organization,https://api.github.com/users/jquery,https://github.com/jquery,https://github.com/jquery/jquery,https://api.github.com/repos/jquery/jquery,False,2009-04-03T15:20:14Z,2019-06-25T13:30:21Z,29553,51790,JavaScript,True,True,18240,18240,81,51790,,,
User,https://api.github.com/users/justjavac,https://github.com/justjavac,https://github.com/justjavac/free-programming-books-zh_CN,https://api.github.com/repos/justjavac/free-programming-books-zh_CN,False,2013-11-04T01:59:19Z,2019-06-25T14:52:17Z,848,51566,,True,False,16834,16834,162,51566,,,
Organization,https://api.github.com/users/GoogleChrome,https://github.com/GoogleChrome,https://github.com/GoogleChrome/puppeteer,https://api.github.com/repos/GoogleChrome/puppeteer,False,2017-05-09T22:16:13Z,2019-06-25T14:54:21Z,5448,50712,JavaScript,True,False,4653,4653,411,50712,,,
Organization,https://api.github.com/users/microsoft,https://github.com/microsoft,https://github.com/microsoft/TypeScript,https://api.github.com/repos/microsoft/TypeScript,False,2014-06-17T15:28:39Z,2019-06-25T14:54:08Z,1072771,50697,TypeScript,True,True,7006,7006,3998,50697,,,
User,https://api.github.com/users/trekhleb,https://github.com/trekhleb,https://github.com/trekhleb/javascript-algorithms,https://api.github.com/repos/trekhleb/javascript-algorithms,False,2018-03-24T07:47:04Z,2019-06-25T14:10:26Z,2546,50071,JavaScript,True,False,7321,7321,99,50071,,,
Organization,https://api.github.com/users/webpack,https://github.com/webpack,https://github.com/webpack/webpack,https://api.github.com/repos/webpack/webpack,False,2012-03-10T10:08:14Z,2019-06-25T12:43:07Z,23017,49582,JavaScript,True,True,6238,6238,512,49582,,,
Organization,https://api.github.com/users/reduxjs,https://github.com/reduxjs,https://github.com/reduxjs/redux,https://api.github.com/repos/reduxjs/redux,False,2015-05-29T23:53:15Z,2019-06-25T12:21:30Z,8236,49275,JavaScript,True,False,12686,12686,30,49275,,,
Organization,https://api.github.com/users/angular,https://github.com/angular,https://github.com/angular/angular,https://api.github.com/repos/angular/angular,False,2014-09-18T16:12:01Z,2019-06-25T14:54:08Z,116976,49236,TypeScript,True,False,13392,13392,2908,49236,,,
Organization,https://api.github.com/users/atom,https://github.com/atom,https://github.com/atom/atom,https://api.github.com/repos/atom/atom,False,2012-01-20T18:18:21Z,2019-06-25T14:58:37Z,312840,49116,JavaScript,True,False,12002,12002,654,49116,,,
User,https://api.github.com/users/iluwatar,https://github.com/iluwatar,https://github.com/iluwatar/java-design-patterns,https://api.github.com/repos/iluwatar/java-design-patterns,False,2014-08-09T16:45:18Z,2019-06-25T14:51:37Z,18740,48587,Java,True,True,15755,15755,211,48587,,,
Organization,https://api.github.com/users/apple,https://github.com/apple,https://github.com/apple/swift,https://api.github.com/repos/apple/swift,False,2015-10-23T21:15:07Z,2019-06-25T13:49:22Z,436769,48280,C++,False,False,7721,7721,560,48280,,,
Organization,https://api.github.com/users/mui-org,https://github.com/mui-org,https://github.com/mui-org/material-ui,https://api.github.com/repos/mui-org/material-ui,False,2014-08-18T19:11:54Z,2019-06-25T15:07:48Z,76421,48236,JavaScript,True,False,10819,10819,325,48236,,,
Organization,https://api.github.com/users/ant-design,https://github.com/ant-design,https://github.com/ant-design/ant-design,https://api.github.com/repos/ant-design/ant-design,False,2015-04-24T15:37:24Z,2019-06-25T14:30:05Z,406452,48019,TypeScript,True,True,16923,16923,345,48019,,,
Organization,https://api.github.com/users/TheAlgorithms,https://github.com/TheAlgorithms,https://github.com/TheAlgorithms/Python,https://api.github.com/repos/TheAlgorithms/Python,False,2016-07-16T09:44:01Z,2019-06-25T14:58:57Z,7447,47175,Python,True,True,13615,13615,191,47175,,,
Organization,https://api.github.com/users/microsoft,https://github.com/microsoft,https://github.com/microsoft/terminal,https://api.github.com/repos/microsoft/terminal,False,2017-08-11T18:38:22Z,2019-06-25T15:10:53Z,105592,47131,C++,True,False,4533,4533,538,47131,,,
User,https://api.github.com/users/hakimel,https://github.com/hakimel,https://github.com/hakimel/reveal.js,https://api.github.com/repos/hakimel/reveal.js,False,2011-06-07T18:54:22Z,2019-06-25T14:57:49Z,9379,47022,JavaScript,True,True,13648,13648,471,47022,,,
Organization,https://api.github.com/users/socketio,https://github.com/socketio,https://github.com/socketio/socket.io,https://api.github.com/repos/socketio/socket.io,False,2010-03-11T18:24:48Z,2019-06-25T14:05:44Z,12259,46728,JavaScript,True,False,8530,8530,398,46728,,,
Organization,https://api.github.com/users/vuejs,https://github.com/vuejs,https://github.com/vuejs/awesome-vue,https://api.github.com/repos/vuejs/awesome-vue,False,2015-10-20T00:16:14Z,2019-06-25T15:10:22Z,4019,46450,,True,False,6438,6438,91,46450,,,
Organization,https://api.github.com/users/30-seconds,https://github.com/30-seconds,https://github.com/30-seconds/30-seconds-of-code,https://api.github.com/repos/30-seconds/30-seconds-of-code,False,2017-11-29T17:35:03Z,2019-06-25T14:17:21Z,19334,46225,JavaScript,True,True,5221,5221,7,46225,,,
User,https://api.github.com/users/Snailclimb,https://github.com/Snailclimb,https://github.com/Snailclimb/JavaGuide,https://api.github.com/repos/Snailclimb/JavaGuide,False,2018-05-07T13:27:00Z,2019-06-25T15:10:21Z,2302,45846,Java,True,True,14724,14724,27,45846,,,
Organization,https://api.github.com/users/Semantic-Org,https://github.com/Semantic-Org,https://github.com/Semantic-Org/Semantic-UI,https://api.github.com/repos/Semantic-Org/Semantic-UI,False,2013-04-08T23:32:04Z,2019-06-25T09:30:05Z,111123,45783,JavaScript,True,True,4830,4830,908,45783,,,
User,https://api.github.com/users/danistefanovic,https://github.com/danistefanovic,https://github.com/danistefanovic/build-your-own-x,https://api.github.com/repos/danistefanovic/build-your-own-x,False,2018-05-09T12:03:18Z,2019-06-25T14:48:44Z,821,45763,,True,False,3108,3108,21,45763,,,
User,https://api.github.com/users/avelino,https://github.com/avelino,https://github.com/avelino/awesome-go,https://api.github.com/repos/avelino/awesome-go,False,2014-07-06T13:42:15Z,2019-06-25T15:00:39Z,5917,45242,Go,True,False,5929,5929,33,45242,,,
Organization,https://api.github.com/users/pallets,https://github.com/pallets,https://github.com/pallets/flask,https://api.github.com/repos/pallets/flask,False,2010-04-06T11:11:59Z,2019-06-25T14:40:48Z,7133,44942,Python,True,False,12625,12625,21,44942,,,
User,https://api.github.com/users/nvbn,https://github.com/nvbn,https://github.com/nvbn/thefuck,https://api.github.com/repos/nvbn/thefuck,False,2015-04-08T15:08:04Z,2019-06-25T14:28:44Z,2710,44433,Python,True,True,2216,2216,166,44433,,,
Organization,https://api.github.com/users/expressjs,https://github.com/expressjs,https://github.com/expressjs/express,https://api.github.com/repos/expressjs/express,False,2009-06-26T18:56:01Z,2019-06-25T14:26:02Z,8848,44409,JavaScript,True,True,7456,7456,164,44409,,,
User,https://api.github.com/users/jackfrued,https://github.com/jackfrued,https://github.com/jackfrued/Python-100-Days,https://api.github.com/repos/jackfrued/Python-100-Days,False,2018-03-01T16:05:52Z,2019-06-25T15:10:21Z,175241,44291,Jupyter Notebook,True,True,15945,15945,134,44291,,,
Organization,https://api.github.com/users/chartjs,https://github.com/chartjs,https://github.com/chartjs/Chart.js,https://api.github.com/repos/chartjs/Chart.js,False,2013-03-17T23:56:36Z,2019-06-25T14:57:10Z,14477,44075,JavaScript,True,False,9678,9678,444,44075,,,
Organization,https://api.github.com/users/rails,https://github.com/rails,https://github.com/rails/rails,https://api.github.com/repos/rails/rails,False,2008-04-11T02:19:47Z,2019-06-25T14:46:30Z,188999,43452,Ruby,True,False,17473,17473,1165,43452,,,
Organization,https://api.github.com/users/getlantern,https://github.com/getlantern,https://github.com/getlantern/lantern,https://api.github.com/repos/getlantern/lantern,False,2011-02-17T22:12:29Z,2019-06-25T14:53:53Z,1151819,43020,Go,False,True,9361,9361,2534,43020,,,
Organization,https://api.github.com/users/h5bp,https://github.com/h5bp,https://github.com/h5bp/html5-boilerplate,https://api.github.com/repos/h5bp/html5-boilerplate,False,2010-01-24T18:03:24Z,2019-06-25T14:32:54Z,13940,42977,JavaScript,True,True,10228,10228,1,42977,,,
Organization,https://api.github.com/users/django,https://github.com/django,https://github.com/django/django,https://api.github.com/repos/django/django,False,2012-04-28T02:47:18Z,2019-06-25T15:05:12Z,188589,42370,Python,False,False,18231,18231,229,42370,,,
Organization,https://api.github.com/users/keras-team,https://github.com/keras-team,https://github.com/keras-team/keras,https://api.github.com/repos/keras-team/keras,False,2015-03-28T00:35:42Z,2019-06-25T15:09:55Z,12808,42203,Python,True,True,16088,16088,2427,42203,,,
User,https://api.github.com/users/jakubroztocil,https://github.com/jakubroztocil,https://github.com/jakubroztocil/httpie,https://api.github.com/repos/jakubroztocil/httpie,False,2012-02-25T12:39:13Z,2019-06-25T13:11:47Z,5389,42058,Python,True,False,2765,2765,158,42058,,,
Organization,https://api.github.com/users/elastic,https://github.com/elastic,https://github.com/elastic/elasticsearch,https://api.github.com/repos/elastic/elasticsearch,False,2010-02-08T13:20:56Z,2019-06-25T15:06:07Z,632662,42055,Java,True,False,14045,14045,2013,42055,,,
Organization,https://api.github.com/users/ossu,https://github.com/ossu,https://github.com/ossu/computer-science,https://api.github.com/repos/ossu/computer-science,False,2014-05-04T00:18:39Z,2019-06-25T09:01:14Z,859,41713,,True,True,6079,6079,35,41713,,,
Organization,https://api.github.com/users/moment,https://github.com/moment,https://github.com/moment/moment,https://api.github.com/repos/moment/moment,False,2011-03-01T02:46:06Z,2019-06-25T13:11:44Z,17858,41589,JavaScript,True,False,6251,6251,344,41589,,,
Organization,https://api.github.com/users/resume,https://github.com/resume,https://github.com/resume/resume.github.com,https://api.github.com/repos/resume/resume.github.com,False,2011-02-06T13:39:55Z,2019-06-25T15:08:21Z,411,41154,JavaScript,True,True,1092,1092,35,41154,,,
Organization,https://api.github.com/users/h5bp,https://github.com/h5bp,https://github.com/h5bp/Front-end-Developer-Interview-Questions,https://api.github.com/repos/h5bp/Front-end-Developer-Interview-Questions,False,2012-02-09T23:34:10Z,2019-06-25T12:25:31Z,1788,41152,HTML,True,True,8299,8299,5,41152,,,
Organization,https://api.github.com/users/meteor,https://github.com/meteor,https://github.com/meteor/meteor,https://api.github.com/repos/meteor/meteor,False,2012-01-19T01:58:17Z,2019-06-25T13:02:54Z,77612,41134,JavaScript,True,True,5033,5033,335,41134,,,
User,https://api.github.com/users/typicode,https://github.com/typicode,https://github.com/typicode/json-server,https://api.github.com/repos/typicode/json-server,False,2013-11-27T13:21:13Z,2019-06-25T14:47:44Z,1714,40928,JavaScript,True,False,3648,3648,446,40928,,,
User,https://api.github.com/users/josephmisiti,https://github.com/josephmisiti,https://github.com/josephmisiti/awesome-machine-learning,https://api.github.com/repos/josephmisiti/awesome-machine-learning,False,2014-07-15T19:11:19Z,2019-06-25T15:05:41Z,1789,40492,Python,True,False,10156,10156,2,40492,,,
Organization,https://api.github.com/users/lodash,https://github.com/lodash,https://github.com/lodash/lodash,https://api.github.com/repos/lodash/lodash,False,2012-04-07T04:11:46Z,2019-06-25T15:09:28Z,44747,39786,JavaScript,True,True,4134,4134,7,39786,,,
Organization,https://api.github.com/users/ReactiveX,https://github.com/ReactiveX,https://github.com/ReactiveX/RxJava,https://api.github.com/repos/ReactiveX/RxJava,False,2013-01-08T20:11:48Z,2019-06-25T14:36:56Z,83662,39510,Java,True,True,6671,6671,9,39510,,,
Organization,https://api.github.com/users/spring-projects,https://github.com/spring-projects,https://github.com/spring-projects/spring-boot,https://api.github.com/repos/spring-projects/spring-boot,False,2012-10-19T15:02:57Z,2019-06-25T15:10:19Z,103000,39430,Java,True,True,25616,25616,392,39430,,,
Organization,https://api.github.com/users/netdata,https://github.com/netdata,https://github.com/netdata/netdata,https://api.github.com/repos/netdata/netdata,False,2013-06-17T18:39:10Z,2019-06-25T14:43:40Z,30467,39110,C,True,True,3445,3445,517,39110,,,
Organization,https://api.github.com/users/kennethreitz,https://github.com/kennethreitz,https://github.com/kennethreitz/requests,https://api.github.com/repos/kennethreitz/requests,False,2011-02-13T18:38:17Z,2019-06-25T15:10:19Z,9985,39104,Python,True,True,7129,7129,237,39104,,,
Organization,https://api.github.com/users/storybookjs,https://github.com/storybookjs,https://github.com/storybookjs/storybook,https://api.github.com/repos/storybookjs/storybook,False,2016-03-18T04:23:44Z,2019-06-25T14:01:04Z,169394,38992,JavaScript,True,False,3202,3202,384,38992,,,
Organization,https://api.github.com/users/shadowsocks,https://github.com/shadowsocks,https://github.com/shadowsocks/shadowsocks-windows,https://api.github.com/repos/shadowsocks/shadowsocks-windows,False,2013-01-14T07:54:16Z,2019-06-25T15:10:19Z,9807,38971,C#,True,True,13058,13058,155,38971,,,
Organization,https://api.github.com/users/bitcoin,https://github.com/bitcoin,https://github.com/bitcoin/bitcoin,https://api.github.com/repos/bitcoin/bitcoin,False,2010-12-19T15:16:43Z,2019-06-25T13:48:40Z,127280,38941,C++,True,False,23437,23437,963,38941,,,
User,https://api.github.com/users/adam-p,https://github.com/adam-p,https://github.com/adam-p/markdown-here,https://api.github.com/repos/adam-p/markdown-here,False,2012-05-13T03:27:22Z,2019-06-25T15:07:30Z,16214,38829,JavaScript,True,True,6659,6659,242,38829,,,
Organization,https://api.github.com/users/ElemeFE,https://github.com/ElemeFE,https://github.com/ElemeFE/element,https://api.github.com/repos/ElemeFE/element,False,2016-09-03T06:19:26Z,2019-06-25T14:25:14Z,70274,38727,Vue,True,True,8041,8041,907,38727,,,
Organization,https://api.github.com/users/ionic-team,https://github.com/ionic-team,https://github.com/ionic-team/ionic,https://api.github.com/repos/ionic-team/ionic,False,2013-08-20T23:06:02Z,2019-06-25T12:39:24Z,97260,38392,TypeScript,True,False,13050,13050,587,38392,,,
Organization,https://api.github.com/users/zeit,https://github.com/zeit,https://github.com/zeit/next.js,https://api.github.com/repos/zeit/next.js,False,2016-10-05T23:32:51Z,2019-06-25T15:08:22Z,13116,38367,JavaScript,True,True,4620,4620,220,38367,,,
Organization,https://api.github.com/users/mtdvio,https://github.com/mtdvio,https://github.com/mtdvio/every-programmer-should-know,https://api.github.com/repos/mtdvio/every-programmer-should-know,False,2017-08-24T13:18:26Z,2019-06-25T15:10:01Z,153,38242,,True,True,3514,3514,28,38242,,,
Organization,https://api.github.com/users/google,https://github.com/google,https://github.com/google/material-design-icons,https://api.github.com/repos/google/material-design-icons,False,2014-10-08T18:01:28Z,2019-06-25T13:18:01Z,47085,38228,CSS,True,True,7787,7787,549,38228,,,
Organization,https://api.github.com/users/jekyll,https://github.com/jekyll,https://github.com/jekyll/jekyll,https://api.github.com/repos/jekyll/jekyll,False,2008-10-20T06:29:03Z,2019-06-25T13:58:04Z,16633,38030,Ruby,True,True,8296,8296,140,38030,,,
Organization,https://api.github.com/users/ansible,https://github.com/ansible,https://github.com/ansible/ansible,https://api.github.com/repos/ansible/ansible,False,2012-03-06T14:58:02Z,2019-06-25T14:28:58Z,170684,37922,Python,True,False,15896,15896,5785,37922,,,
User,https://api.github.com/users/antirez,https://github.com/antirez,https://github.com/antirez/redis,https://api.github.com/repos/antirez/redis,False,2009-03-21T22:32:25Z,2019-06-25T14:42:51Z,77156,37170,C,True,False,14286,14286,2274,37170,,,
Organization,https://api.github.com/users/rust-lang,https://github.com/rust-lang,https://github.com/rust-lang/rust,https://api.github.com/repos/rust-lang/rust,False,2010-06-16T20:39:03Z,2019-06-25T15:07:02Z,443507,37024,Rust,True,False,5821,5821,5064,37024,,,
Organization,https://api.github.com/users/ReactTraining,https://github.com/ReactTraining,https://github.com/ReactTraining/react-router,https://api.github.com/repos/ReactTraining/react-router,False,2014-05-16T22:22:51Z,2019-06-25T13:32:48Z,13542,36687,JavaScript,True,False,7515,7515,63,36687,,,
Organization,https://api.github.com/users/gohugoio,https://github.com/gohugoio,https://github.com/gohugoio/hugo,https://api.github.com/repos/gohugoio/hugo,False,2013-07-04T15:26:26Z,2019-06-25T14:34:21Z,71690,36122,Go,True,False,4058,4058,373,36122,,,
Organization,https://api.github.com/users/yarnpkg,https://github.com/yarnpkg,https://github.com/yarnpkg/yarn,https://api.github.com/repos/yarnpkg/yarn,False,2016-01-19T17:39:16Z,2019-06-25T14:14:33Z,119036,36118,JavaScript,True,False,2213,2213,1863,36118,,,
User,https://api.github.com/users/Dogfalo,https://github.com/Dogfalo,https://github.com/Dogfalo/materialize,https://api.github.com/repos/Dogfalo/materialize,False,2014-09-12T19:35:38Z,2019-06-25T11:55:04Z,164674,36000,JavaScript,True,True,4789,4789,677,36000,,,
User,https://api.github.com/users/tonsky,https://github.com/tonsky,https://github.com/tonsky/FiraCode,https://api.github.com/repos/tonsky/FiraCode,False,2014-11-11T19:32:38Z,2019-06-25T14:42:40Z,54717,35974,Clojure,True,True,1152,1152,191,35974,,,
Organization,https://api.github.com/users/opencv,https://github.com/opencv,https://github.com/opencv/opencv,https://api.github.com/repos/opencv/opencv,False,2012-07-19T09:40:17Z,2019-06-25T13:56:17Z,470843,35946,C++,True,True,26272,26272,1750,35946,,,
Organization,https://api.github.com/users/gatsbyjs,https://github.com/gatsbyjs,https://github.com/gatsbyjs/gatsby,https://api.github.com/repos/gatsbyjs/gatsby,False,2015-05-21T22:43:05Z,2019-06-25T15:07:13Z,569268,35797,JavaScript,True,False,5297,5297,559,35797,,,
Organization,https://api.github.com/users/scikit-learn,https://github.com/scikit-learn,https://github.com/scikit-learn/scikit-learn,https://api.github.com/repos/scikit-learn/scikit-learn,False,2010-08-17T09:43:38Z,2019-06-25T15:05:29Z,105001,35786,Python,True,True,17507,17507,1927,35786,,,
User,https://api.github.com/users/PanJiaChen,https://github.com/PanJiaChen,https://github.com/PanJiaChen/vue-element-admin,https://api.github.com/repos/PanJiaChen/vue-element-admin,False,2017-04-17T03:35:49Z,2019-06-25T14:33:32Z,14956,35779,Vue,True,True,11614,11614,232,35779,,,
Organization,https://api.github.com/users/denoland,https://github.com/denoland,https://github.com/denoland/deno,https://api.github.com/repos/denoland/deno,False,2018-05-15T01:34:26Z,2019-06-25T14:34:14Z,29147,35733,TypeScript,True,False,1694,1694,221,35733,,,
Organization,https://api.github.com/users/nwjs,https://github.com/nwjs,https://github.com/nwjs/nw.js,https://api.github.com/repos/nwjs/nw.js,False,2012-01-04T06:21:10Z,2019-06-25T15:03:00Z,124120,35572,C++,True,True,3799,3799,743,35572,,,
User,https://api.github.com/users/NARKOZ,https://github.com/NARKOZ,https://github.com/NARKOZ/hacker-scripts,https://api.github.com/repos/NARKOZ/hacker-scripts,False,2015-11-21T19:05:09Z,2019-06-25T08:43:05Z,88,35532,JavaScript,True,False,6002,6002,53,35532,,,
Organization,https://api.github.com/users/nvm-sh,https://github.com/nvm-sh,https://github.com/nvm-sh/nvm,https://api.github.com/repos/nvm-sh/nvm,False,2010-04-15T17:47:47Z,2019-06-25T15:01:45Z,2463,35490,Shell,True,False,3347,3347,285,35490,,,
Organization,https://api.github.com/users/nodejs,https://github.com/nodejs,https://github.com/nodejs/node-v0.x-archive,https://api.github.com/repos/nodejs/node-v0.x-archive,False,2009-05-27T16:29:46Z,2019-06-25T13:30:17Z,144238,35464,,True,True,7779,7779,571,35464,,,
User,https://api.github.com/users/jgthms,https://github.com/jgthms,https://github.com/jgthms/bulma,https://api.github.com/repos/jgthms/bulma,False,2016-01-23T23:48:34Z,2019-06-25T14:24:07Z,78899,35399,CSS,True,True,2842,2842,289,35399,,,
User,https://api.github.com/users/necolas,https://github.com/necolas,https://github.com/necolas/normalize.css,https://api.github.com/repos/necolas/normalize.css,False,2011-05-04T10:20:25Z,2019-06-25T14:52:59Z,379,35358,CSS,True,False,7154,7154,26,35358,,,
User,https://api.github.com/users/kdn251,https://github.com/kdn251,https://github.com/kdn251/interviews,https://api.github.com/repos/kdn251/interviews,False,2017-02-14T18:19:25Z,2019-06-25T14:02:27Z,20842,35283,Java,True,True,7143,7143,40,35283,,,
Organization,https://api.github.com/users/protocolbuffers,https://github.com/protocolbuffers,https://github.com/protocolbuffers/protobuf,https://api.github.com/repos/protocolbuffers/protobuf,False,2014-08-26T15:52:15Z,2019-06-25T15:10:12Z,56454,35238,C++,True,True,9564,9564,619,35238,,,
Organization,https://api.github.com/users/papers-we-love,https://github.com/papers-we-love,https://github.com/papers-we-love/papers-we-love,https://api.github.com/repos/papers-we-love/papers-we-love,False,2013-12-15T14:31:41Z,2019-06-25T10:36:21Z,204707,35094,,True,True,3307,3307,12,35094,,,
User,https://api.github.com/users/wasabeef,https://github.com/wasabeef,https://github.com/wasabeef/awesome-android-ui,https://api.github.com/repos/wasabeef/awesome-android-ui,False,2014-12-24T01:45:03Z,2019-06-25T14:09:54Z,775832,35082,,False,False,9095,9095,30,35082,,,
Organization,https://api.github.com/users/apache,https://github.com/apache,https://github.com/apache/incubator-echarts,https://api.github.com/repos/apache/incubator-echarts,False,2013-04-03T03:18:59Z,2019-06-25T14:51:19Z,155208,34929,JavaScript,True,True,10425,10425,3307,34929,,,
Organization,https://api.github.com/users/impress,https://github.com/impress,https://github.com/impress/impress.js,https://api.github.com/repos/impress/impress.js,False,2011-12-28T22:23:19Z,2019-06-25T13:06:28Z,4191,34874,JavaScript,True,True,6826,6826,56,34874,,,
User,https://api.github.com/users/thedaviddias,https://github.com/thedaviddias,https://github.com/thedaviddias/Front-End-Checklist,https://api.github.com/repos/thedaviddias/Front-End-Checklist,False,2017-10-16T10:12:36Z,2019-06-25T14:28:36Z,3182,34801,JavaScript,True,False,3360,3360,5,34801,,,
Organization,https://api.github.com/users/FreeCodeCampChina,https://github.com/FreeCodeCampChina,https://github.com/FreeCodeCampChina/freecodecamp.cn,https://api.github.com/repos/FreeCodeCampChina/freecodecamp.cn,False,2016-09-30T03:13:43Z,2019-06-25T12:41:56Z,30794,34593,CSS,True,True,1292,1292,125,34593,,,
User,https://api.github.com/users/xingshaocheng,https://github.com/xingshaocheng,https://github.com/xingshaocheng/architect-awesome,https://api.github.com/repos/xingshaocheng/architect-awesome,False,2018-04-06T13:30:58Z,2019-06-25T14:54:36Z,2193,34008,,True,True,10415,10415,38,34008,,,
Organization,https://api.github.com/users/x64dbg,https://github.com/x64dbg,https://github.com/x64dbg/x64dbg,https://api.github.com/repos/x64dbg/x64dbg,False,2015-04-11T20:48:23Z,2019-06-25T13:11:46Z,54330,33983,C++,True,True,1027,1027,374,33983,,,
Organization,https://api.github.com/users/awesomedata,https://github.com/awesomedata,https://github.com/awesomedata/awesome-public-datasets,https://api.github.com/repos/awesomedata/awesome-public-datasets,False,2014-11-20T06:20:50Z,2019-06-25T14:27:17Z,691,33747,,True,True,5748,5748,94,33747,,,
Organization,https://api.github.com/users/babel,https://github.com/babel,https://github.com/babel/babel,https://api.github.com/repos/babel/babel,False,2014-09-28T13:38:23Z,2019-06-25T15:05:26Z,39354,33585,JavaScript,True,True,3587,3587,784,33585,,,
User,https://api.github.com/users/MisterBooo,https://github.com/MisterBooo,https://github.com/MisterBooo/LeetCodeAnimation,https://api.github.com/repos/MisterBooo/LeetCodeAnimation,False,2018-12-06T08:01:22Z,2019-06-25T15:10:50Z,203,33375,Java,True,True,5377,5377,0,33375,,,
Organization,https://api.github.com/users/scrapy,https://github.com/scrapy,https://github.com/scrapy/scrapy,https://api.github.com/repos/scrapy/scrapy,False,2010-02-22T02:01:14Z,2019-06-25T12:46:45Z,17044,33341,Python,True,True,7844,7844,825,33341,,,
Organization,https://api.github.com/users/square,https://github.com/square,https://github.com/square/okhttp,https://api.github.com/repos/square/okhttp,False,2012-07-23T13:42:55Z,2019-06-25T14:47:02Z,26769,33054,Java,True,True,7260,7260,202,33054,,,
Organization,https://api.github.com/users/googlesamples,https://github.com/googlesamples,https://github.com/googlesamples/android-architecture,https://api.github.com/repos/googlesamples/android-architecture,False,2016-02-05T13:42:07Z,2019-06-25T14:03:25Z,8352,33011,,True,True,9257,9257,127,33011,,,
Organization,https://api.github.com/users/square,https://github.com/square,https://github.com/square/retrofit,https://api.github.com/repos/square/retrofit,False,2010-09-06T21:39:43Z,2019-06-25T11:22:44Z,4981,32825,Java,True,True,6106,6106,68,32825,,,
User,https://api.github.com/users/Kickball,https://github.com/Kickball,https://github.com/Kickball/awesome-selfhosted,https://api.github.com/repos/Kickball/awesome-selfhosted,False,2015-06-01T02:33:17Z,2019-06-25T14:41:07Z,5265,32695,JavaScript,True,True,2624,2624,63,32695,,,
User,https://api.github.com/users/minimaxir,https://github.com/minimaxir,https://github.com/minimaxir/big-list-of-naughty-strings,https://api.github.com/repos/minimaxir/big-list-of-naughty-strings,False,2015-08-08T20:57:20Z,2019-06-25T12:23:12Z,229,32562,Python,True,True,1380,1380,72,32562,,,
Organization,https://api.github.com/users/prettier,https://github.com/prettier,https://github.com/prettier/prettier,https://api.github.com/repos/prettier/prettier,False,2016-11-29T17:13:37Z,2019-06-25T14:28:17Z,29528,32457,JavaScript,True,True,1797,1797,650,32457,,,
Organization,https://api.github.com/users/google,https://github.com/google,https://github.com/google/guava,https://api.github.com/repos/google/guava,False,2014-05-29T16:23:17Z,2019-06-25T14:55:12Z,251471,32328,Java,True,True,7236,7236,821,32328,,,
User,https://api.github.com/users/aymericdamien,https://github.com/aymericdamien,https://github.com/aymericdamien/TensorFlow-Examples,https://api.github.com/repos/aymericdamien/TensorFlow-Examples,False,2015-11-11T14:21:19Z,2019-06-25T14:49:38Z,5859,32296,Jupyter Notebook,True,True,12229,12229,170,32296,,,
Organization,https://api.github.com/users/AFNetworking,https://github.com/AFNetworking,https://github.com/AFNetworking/AFNetworking,https://api.github.com/repos/AFNetworking/AFNetworking,False,2011-05-31T21:28:44Z,2019-06-25T13:22:31Z,5660,32264,Objective-C,True,True,9782,9782,386,32264,,,
Organization,https://api.github.com/users/parcel-bundler,https://github.com/parcel-bundler,https://github.com/parcel-bundler/parcel,https://api.github.com/repos/parcel-bundler/parcel,False,2017-08-07T16:36:47Z,2019-06-25T14:04:12Z,7128,32168,JavaScript,True,True,1464,1464,676,32168,,,
User,https://api.github.com/users/vsouza,https://github.com/vsouza,https://github.com/vsouza/awesome-ios,https://api.github.com/repos/vsouza/awesome-ios,False,2014-07-10T16:03:45Z,2019-06-25T14:36:11Z,9918,32090,Swift,True,False,5380,5380,0,32090,,,
Organization,https://api.github.com/users/neovim,https://github.com/neovim,https://github.com/neovim/neovim,https://api.github.com/repos/neovim/neovim,False,2014-01-31T13:39:22Z,2019-06-25T15:01:02Z,86422,31844,Vim script,True,True,2315,2315,885,31844,,,
User,https://api.github.com/users/enaqx,https://github.com/enaqx,https://github.com/enaqx/awesome-react,https://api.github.com/repos/enaqx/awesome-react,False,2014-08-06T05:31:44Z,2019-06-25T15:02:10Z,2117,31751,,True,False,3685,3685,45,31751,,,
User,https://api.github.com/users/juliangarnier,https://github.com/juliangarnier,https://github.com/juliangarnier/anime,https://api.github.com/repos/juliangarnier/anime,False,2016-03-13T21:37:45Z,2019-06-25T15:03:06Z,47541,31487,JavaScript,True,True,2319,2319,107,31487,,,
Organization,https://api.github.com/users/google,https://github.com/google,https://github.com/google/material-design-lite,https://api.github.com/repos/google/material-design-lite,False,2015-01-14T22:01:33Z,2019-06-25T10:27:30Z,56807,31304,HTML,True,True,5314,5314,364,31304,,,
Organization,https://api.github.com/users/gulpjs,https://github.com/gulpjs,https://github.com/gulpjs/gulp,https://api.github.com/repos/gulpjs/gulp,False,2013-07-04T05:26:06Z,2019-06-25T13:16:26Z,1037,31274,JavaScript,True,False,4404,4404,22,31274,,,
Organization,https://api.github.com/users/Alamofire,https://github.com/Alamofire,https://github.com/Alamofire/Alamofire,https://api.github.com/repos/Alamofire/Alamofire,False,2014-07-31T05:56:19Z,2019-06-25T12:43:24Z,10870,31214,Swift,True,False,5588,5588,42,31214,,,
User,https://api.github.com/users/sindresorhus,https://github.com/sindresorhus,https://github.com/sindresorhus/awesome-nodejs,https://api.github.com/repos/sindresorhus/awesome-nodejs,False,2014-07-11T13:35:34Z,2019-06-25T14:39:36Z,1438,30873,,True,False,3784,3784,13,30873,,,
User,https://api.github.com/users/astaxie,https://github.com/astaxie,https://github.com/astaxie/build-web-application-with-golang,https://api.github.com/repos/astaxie/build-web-application-with-golang,False,2012-08-02T11:49:35Z,2019-06-25T13:09:01Z,38118,30797,Go,True,True,8524,8524,97,30797,,,
Organization,https://api.github.com/users/gogs,https://github.com/gogs,https://github.com/gogs/gogs,https://api.github.com/repos/gogs/gogs,False,2014-02-12T01:57:08Z,2019-06-25T14:54:46Z,157470,30673,Go,True,True,3544,3544,666,30673,,,
User,https://api.github.com/users/i0natan,https://github.com/i0natan,https://github.com/i0natan/nodebestpractices,https://api.github.com/repos/i0natan/nodebestpractices,False,2017-09-15T08:33:19Z,2019-06-25T15:09:19Z,52509,30631,JavaScript,True,False,2429,2429,43,30631,,,
Organization,https://api.github.com/users/shadowsocks,https://github.com/shadowsocks,https://github.com/shadowsocks/shadowsocks,https://api.github.com/repos/shadowsocks/shadowsocks,False,2012-04-20T13:10:49Z,2019-06-25T15:09:28Z,891,30602,Python,False,True,18655,18655,448,30602,,,
Organization,https://api.github.com/users/serverless,https://github.com/serverless,https://github.com/serverless/serverless,https://api.github.com/repos/serverless/serverless,False,2015-04-21T03:48:40Z,2019-06-25T14:07:26Z,82701,30585,JavaScript,True,False,3393,3393,550,30585,,,
User,https://api.github.com/users/chrislgarry,https://github.com/chrislgarry,https://github.com/chrislgarry/Apollo-11,https://api.github.com/repos/chrislgarry/Apollo-11,False,2014-04-03T15:45:02Z,2019-06-25T03:10:42Z,2184,30468,Assembly,True,True,3804,3804,38,30468,,,
Organization,https://api.github.com/users/spring-projects,https://github.com/spring-projects,https://github.com/spring-projects/spring-framework,https://api.github.com/repos/spring-projects/spring-framework,False,2010-12-08T04:04:45Z,2019-06-25T15:10:52Z,136216,30212,Java,True,True,19324,19324,943,30212,,,
Organization,https://api.github.com/users/TryGhost,https://github.com/TryGhost,https://github.com/TryGhost/Ghost,https://api.github.com/repos/TryGhost/Ghost,False,2013-05-04T11:09:13Z,2019-06-25T14:34:24Z,31522,30203,JavaScript,True,False,6523,6523,88,30203,,,
Organization,https://api.github.com/users/zeit,https://github.com/zeit,https://github.com/zeit/hyper,https://api.github.com/repos/zeit/hyper,False,2016-07-01T06:01:21Z,2019-06-25T13:59:34Z,7475,30170,JavaScript,True,False,2472,2472,854,30170,,,
User,https://api.github.com/users/blueimp,https://github.com/blueimp,https://github.com/blueimp/jQuery-File-Upload,https://api.github.com/repos/blueimp/jQuery-File-Upload,False,2010-12-01T15:35:32Z,2019-06-25T10:29:15Z,3414,30061,JavaScript,False,True,7984,7984,52,30061,,,
Organization,https://api.github.com/users/Hack-with-Github,https://github.com/Hack-with-Github,https://github.com/Hack-with-Github/Awesome-Hacking,https://api.github.com/repos/Hack-with-Github/Awesome-Hacking,False,2016-03-30T15:47:10Z,2019-06-25T14:44:28Z,170,30045,,True,False,4858,4858,1,30045,,,
User,https://api.github.com/users/k88hudson,https://github.com/k88hudson,https://github.com/k88hudson/git-flight-rules,https://api.github.com/repos/k88hudson/git-flight-rules,False,2014-07-22T20:35:09Z,2019-06-25T09:27:14Z,598,29999,,True,True,2026,2026,4,29999,,,
User,https://api.github.com/users/prakhar1989,https://github.com/prakhar1989,https://github.com/prakhar1989/awesome-courses,https://api.github.com/repos/prakhar1989/awesome-courses,False,2014-11-15T18:36:49Z,2019-06-25T13:02:22Z,2068,29936,,True,False,6167,6167,37,29936,,,
Organization,https://api.github.com/users/adobe,https://github.com/adobe,https://github.com/adobe/brackets,https://api.github.com/repos/adobe/brackets,False,2011-12-07T21:14:40Z,2019-06-25T14:09:29Z,92453,29878,JavaScript,True,True,6416,6416,2466,29878,,,
User,https://api.github.com/users/jaywcjlove,https://github.com/jaywcjlove,https://github.com/jaywcjlove/awesome-mac,https://api.github.com/repos/jaywcjlove/awesome-mac,False,2016-07-17T15:33:47Z,2019-06-25T14:27:53Z,4111,29713,JavaScript,True,True,3405,3405,38,29713,,,
User,https://api.github.com/users/Unitech,https://github.com/Unitech,https://github.com/Unitech/pm2,https://api.github.com/repos/Unitech/pm2,False,2013-05-21T03:25:25Z,2019-06-25T13:48:51Z,12060,29578,JavaScript,True,False,1989,1989,704,29578,,,
Organization,https://api.github.com/users/grafana,https://github.com/grafana,https://github.com/grafana/grafana,https://api.github.com/repos/grafana/grafana,False,2013-12-11T15:59:56Z,2019-06-25T14:40:29Z,195598,29426,TypeScript,True,True,5570,5570,1924,29426,,,
Organization,https://api.github.com/users/pytorch,https://github.com/pytorch,https://github.com/pytorch/pytorch,https://api.github.com/repos/pytorch/pytorch,False,2016-08-13T05:26:41Z,2019-06-25T14:25:41Z,133623,29297,C++,True,True,7080,7080,3178,29297,,,
User,https://api.github.com/users/kelseyhightower,https://github.com/kelseyhightower,https://github.com/kelseyhightower/nocode,https://api.github.com/repos/kelseyhightower/nocode,False,2018-02-06T23:54:00Z,2019-06-25T14:38:09Z,5,29217,Dockerfile,True,True,2506,2506,2754,29217,,,
Organization,https://api.github.com/users/ColorlibHQ,https://github.com/ColorlibHQ,https://github.com/ColorlibHQ/AdminLTE,https://api.github.com/repos/ColorlibHQ/AdminLTE,False,2013-12-25T02:52:40Z,2019-06-25T15:07:38Z,66643,28891,HTML,True,True,11521,11521,294,28891,,,
User,https://api.github.com/users/Trinea,https://github.com/Trinea,https://github.com/Trinea/android-open-project,https://api.github.com/repos/Trinea/android-open-project,False,2014-01-05T15:20:15Z,2019-06-25T13:22:40Z,1936,28777,,True,True,12065,12065,17,28777,,,
User,https://api.github.com/users/yangshun,https://github.com/yangshun,https://github.com/yangshun/tech-interview-handbook,https://api.github.com/repos/yangshun/tech-interview-handbook,False,2016-07-05T05:00:48Z,2019-06-25T14:44:22Z,309,28622,JavaScript,True,True,3962,3962,8,28622,,,
Organization,https://api.github.com/users/discourse,https://github.com/discourse,https://github.com/discourse/discourse,https://api.github.com/repos/discourse/discourse,False,2013-01-12T00:25:55Z,2019-06-25T14:57:42Z,276817,28494,Ruby,False,True,6455,6455,31,28494,,,
Organization,https://api.github.com/users/gin-gonic,https://github.com/gin-gonic,https://github.com/gin-gonic/gin,https://api.github.com/repos/gin-gonic/gin,False,2014-06-16T23:57:25Z,2019-06-25T14:37:14Z,1988,28493,Go,True,False,3288,3288,189,28493,,,
User,https://api.github.com/users/tiimgreen,https://github.com/tiimgreen,https://github.com/tiimgreen/github-cheat-sheet,https://api.github.com/repos/tiimgreen/github-cheat-sheet,False,2014-04-12T16:38:42Z,2019-06-25T13:54:52Z,758,28421,,True,False,4320,4320,7,28421,,,
User,https://api.github.com/users/karan,https://github.com/karan,https://github.com/karan/Projects,https://api.github.com/repos/karan/Projects,False,2013-07-04T13:37:27Z,2019-06-25T14:58:55Z,10204,28409,,True,False,9110,9110,57,28409,,,
Organization,https://api.github.com/users/BVLC,https://github.com/BVLC,https://github.com/BVLC/caffe,https://api.github.com/repos/BVLC/caffe,False,2013-09-12T18:39:48Z,2019-06-25T12:12:56Z,76158,28391,C++,True,True,17147,17147,1019,28391,,,
Organization,https://api.github.com/users/zurb,https://github.com/zurb,https://github.com/zurb/foundation-sites,https://api.github.com/repos/zurb/foundation-sites,False,2011-10-13T23:05:42Z,2019-06-25T15:00:58Z,115399,28173,HTML,True,True,5769,5769,435,28173,,,
User,https://api.github.com/users/MaximAbramchuck,https://github.com/MaximAbramchuck,https://github.com/MaximAbramchuck/awesome-interview-questions,https://api.github.com/repos/MaximAbramchuck/awesome-interview-questions,False,2015-11-28T09:48:17Z,2019-06-25T14:56:15Z,389,28105,,True,True,3635,3635,8,28105,,,
Organization,https://api.github.com/users/Homebrew,https://github.com/Homebrew,https://github.com/Homebrew/legacy-homebrew,https://api.github.com/repos/Homebrew/legacy-homebrew,False,2009-05-20T19:38:37Z,2019-06-25T06:51:46Z,70241,28101,,True,False,12540,12540,0,28101,,,
Organization,https://api.github.com/users/JetBrains,https://github.com/JetBrains,https://github.com/JetBrains/kotlin,https://api.github.com/repos/JetBrains/kotlin,False,2012-02-13T17:29:58Z,2019-06-25T14:53:19Z,566621,28079,Kotlin,False,False,3257,3257,105,28079,,,
Organization,https://api.github.com/users/XX-net,https://github.com/XX-net,https://github.com/XX-net/XX-Net,https://api.github.com/repos/XX-net/XX-Net,False,2015-01-15T09:35:51Z,2019-06-25T15:10:19Z,38923,28070,Python,True,True,7601,7601,7790,28070,,,
Organization,https://api.github.com/users/git,https://github.com/git,https://github.com/git/git,https://api.github.com/repos/git/git,False,2008-07-23T14:21:26Z,2019-06-25T12:21:25Z,121644,27978,C,False,False,16122,16122,75,27978,,,
User,https://api.github.com/users/bailicangdu,https://github.com/bailicangdu,https://github.com/bailicangdu/vue2-elm,https://api.github.com/repos/bailicangdu/vue2-elm,False,2016-12-23T01:49:20Z,2019-06-25T14:38:27Z,29791,27975,Vue,True,True,9352,9352,36,27975,,,
Organization,https://api.github.com/users/gothinkster,https://github.com/gothinkster,https://github.com/gothinkster/realworld,https://api.github.com/repos/gothinkster/realworld,False,2016-02-26T20:49:53Z,2019-06-25T14:12:37Z,2689,27960,JavaScript,True,True,1893,1893,144,27960,,,
User,https://api.github.com/users/leonardomso,https://github.com/leonardomso,https://github.com/leonardomso/33-js-concepts,https://api.github.com/repos/leonardomso/33-js-concepts,False,2018-09-04T13:27:04Z,2019-06-25T14:13:32Z,595,27902,JavaScript,True,True,2743,2743,6,27902,,,
Organization,https://api.github.com/users/tesseract-ocr,https://github.com/tesseract-ocr,https://github.com/tesseract-ocr/tesseract,https://api.github.com/repos/tesseract-ocr/tesseract,False,2014-08-12T18:04:59Z,2019-06-25T14:50:49Z,44267,27862,C++,True,True,5328,5328,224,27862,,,
Organization,https://api.github.com/users/immutable-js,https://github.com/immutable-js,https://github.com/immutable-js/immutable-js,https://api.github.com/repos/immutable-js/immutable-js,False,2014-07-02T06:02:29Z,2019-06-25T14:18:34Z,21903,27665,JavaScript,True,True,1606,1606,139,27665,,,
User,https://api.github.com/users/PhilJay,https://github.com/PhilJay,https://github.com/PhilJay/MPAndroidChart,https://api.github.com/repos/PhilJay/MPAndroidChart,False,2014-04-25T14:29:47Z,2019-06-25T14:32:57Z,21264,27607,Java,True,True,7188,7188,1515,27607,,,
User,https://api.github.com/users/jashkenas,https://github.com/jashkenas,https://github.com/jashkenas/backbone,https://api.github.com/repos/jashkenas/backbone,False,2010-09-30T19:41:28Z,2019-06-25T10:51:02Z,26648,27496,JavaScript,True,True,5711,5711,82,27496,,,
Organization,https://api.github.com/users/apache,https://github.com/apache,https://github.com/apache/dubbo,https://api.github.com/repos/apache/dubbo,False,2012-06-19T07:56:02Z,2019-06-25T14:50:52Z,18785,27395,Java,True,True,18068,18068,492,27395,,,
User,https://api.github.com/users/lord,https://github.com/lord,https://github.com/lord/slate,https://api.github.com/repos/lord/slate,False,2013-09-13T22:15:24Z,2019-06-25T14:19:01Z,1196,27272,JavaScript,True,True,16950,16950,33,27272,,,
Organization,https://api.github.com/users/mozilla,https://github.com/mozilla,https://github.com/mozilla/pdf.js,https://api.github.com/repos/mozilla/pdf.js,False,2011-04-26T06:32:03Z,2019-06-25T14:05:56Z,84698,27057,JavaScript,True,True,6435,6435,622,27057,,,
Organization,https://api.github.com/users/hexojs,https://github.com/hexojs,https://github.com/hexojs/hexo,https://api.github.com/repos/hexojs/hexo,False,2012-09-23T15:17:08Z,2019-06-25T12:03:07Z,6174,26949,JavaScript,True,True,3573,3573,206,26949,,,
User,https://api.github.com/users/sahat,https://github.com/sahat,https://github.com/sahat/hackathon-starter,https://api.github.com/repos/sahat/hackathon-starter,False,2013-11-13T17:24:12Z,2019-06-25T12:47:07Z,11948,26867,JavaScript,True,False,5527,5527,16,26867,,,
User,https://api.github.com/users/ariya,https://github.com/ariya,https://github.com/ariya/phantomjs,https://api.github.com/repos/ariya/phantomjs,False,2010-12-27T08:18:58Z,2019-06-25T14:32:51Z,165216,26860,HTML,True,True,5697,5697,1823,26860,,,
User,https://api.github.com/users/alvarotrigo,https://github.com/alvarotrigo,https://github.com/alvarotrigo/fullPage.js,https://api.github.com/repos/alvarotrigo/fullPage.js,False,2013-09-20T11:58:29Z,2019-06-25T14:32:30Z,14226,26785,JavaScript,True,True,6426,6426,150,26785,,,
User,https://api.github.com/users/scutan90,https://github.com/scutan90,https://github.com/scutan90/DeepLearning-500-questions,https://api.github.com/repos/scutan90/DeepLearning-500-questions,False,2018-06-27T06:36:45Z,2019-06-25T14:49:47Z,202766,26631,,True,True,7718,7718,40,26631,,,
Organization,https://api.github.com/users/syncthing,https://github.com/syncthing,https://github.com/syncthing/syncthing,https://api.github.com/repos/syncthing/syncthing,False,2013-11-26T09:48:21Z,2019-06-25T14:39:26Z,99906,26581,Go,True,True,2225,2225,250,26581,,,
User,https://api.github.com/users/lukehoban,https://github.com/lukehoban,https://github.com/lukehoban/es6features,https://api.github.com/repos/lukehoban/es6features,False,2014-03-03T18:29:30Z,2019-06-25T14:45:25Z,199,26530,,True,False,2561,2561,39,26530,,,
User,https://api.github.com/users/sdmg15,https://github.com/sdmg15,https://github.com/sdmg15/Best-websites-a-programmer-should-visit,https://api.github.com/repos/sdmg15/Best-websites-a-programmer-should-visit,False,2017-03-05T20:25:17Z,2019-06-25T09:31:58Z,939,26463,,True,True,2996,2996,42,26463,,,
Organization,https://api.github.com/users/koajs,https://github.com/koajs,https://github.com/koajs/koa,https://api.github.com/repos/koajs/koa,False,2013-07-20T18:53:45Z,2019-06-25T12:46:04Z,2016,26430,JavaScript,True,True,2401,2401,44,26430,,,
Organization,https://api.github.com/users/bumptech,https://github.com/bumptech,https://github.com/bumptech/glide,https://api.github.com/repos/bumptech/glide,False,2013-07-08T22:52:33Z,2019-06-25T15:10:53Z,63031,26342,Java,True,True,4888,4888,132,26342,,,
User,https://api.github.com/users/zenorocha,https://github.com/zenorocha,https://github.com/zenorocha/clipboard.js,https://api.github.com/repos/zenorocha/clipboard.js,False,2015-09-18T23:04:55Z,2019-06-25T09:26:17Z,1757,26328,JavaScript,True,True,3095,3095,66,26328,,,
Organization,https://api.github.com/users/facebook,https://github.com/facebook,https://github.com/facebook/jest,https://api.github.com/repos/facebook/jest,False,2013-12-10T00:18:04Z,2019-06-25T14:58:04Z,164616,26148,JavaScript,True,True,3533,3533,661,26148,,,
User,https://api.github.com/users/dypsilon,https://github.com/dypsilon,https://github.com/dypsilon/frontend-dev-bookmarks,https://api.github.com/repos/dypsilon/frontend-dev-bookmarks,False,2013-06-22T13:23:55Z,2019-06-25T15:10:57Z,1048,26024,,True,False,4231,4231,109,26024,,,
Organization,https://api.github.com/users/airbnb,https://github.com/airbnb,https://github.com/airbnb/lottie-android,https://api.github.com/repos/airbnb/lottie-android,False,2016-10-06T22:42:42Z,2019-06-25T14:43:29Z,133967,25842,Java,True,False,4061,4061,32,25842,,,
Organization,https://api.github.com/users/fastlane,https://github.com/fastlane,https://github.com/fastlane/fastlane,https://api.github.com/repos/fastlane/fastlane,False,2014-12-02T17:00:38Z,2019-06-25T10:52:42Z,65518,25757,Ruby,True,False,3940,3940,210,25757,,,
User,https://api.github.com/users/caolan,https://github.com/caolan,https://github.com/caolan/async,https://api.github.com/repos/caolan/async,False,2010-06-01T21:01:30Z,2019-06-24T22:20:19Z,5751,25736,JavaScript,True,True,2327,2327,2,25736,,,
Organization,https://api.github.com/users/etcd-io,https://github.com/etcd-io,https://github.com/etcd-io/etcd,https://api.github.com/repos/etcd-io/etcd,False,2013-07-06T21:57:21Z,2019-06-25T14:57:53Z,49542,25629,Go,True,False,5209,5209,446,25629,,,
Organization,https://api.github.com/users/tastejs,https://github.com/tastejs,https://github.com/tastejs/todomvc,https://api.github.com/repos/tastejs/todomvc,False,2011-06-03T19:56:33Z,2019-06-25T09:44:23Z,72495,25539,JavaScript,True,True,13434,13434,154,25539,,,
Organization,https://api.github.com/users/codepath,https://github.com/codepath,https://github.com/codepath/android_guides,https://api.github.com/repos/codepath/android_guides,False,2013-06-19T10:24:45Z,2019-06-25T11:02:11Z,1093,25506,,True,True,6173,6173,141,25506,,,
User,https://api.github.com/users/joshbuchea,https://github.com/joshbuchea,https://github.com/joshbuchea/HEAD,https://api.github.com/repos/joshbuchea/HEAD,False,2016-04-20T20:05:37Z,2019-06-25T07:43:35Z,359,25396,,True,True,1755,1755,11,25396,,,
Organization,https://api.github.com/users/videojs,https://github.com/videojs,https://github.com/videojs/video.js,https://api.github.com/repos/videojs/video.js,False,2010-05-14T18:45:10Z,2019-06-25T14:47:42Z,124539,25324,JavaScript,True,True,6018,6018,205,25324,,,
Organization,https://api.github.com/users/certbot,https://github.com/certbot,https://github.com/certbot/certbot,https://api.github.com/repos/certbot/certbot,False,2014-11-12T02:52:20Z,2019-06-25T14:49:04Z,22271,25259,Python,True,False,2602,2602,530,25259,,,
User,https://api.github.com/users/kamranahmedse,https://github.com/kamranahmedse,https://github.com/kamranahmedse/design-patterns-for-humans,https://api.github.com/repos/kamranahmedse/design-patterns-for-humans,False,2017-02-16T21:24:39Z,2019-06-25T14:24:08Z,149,25242,,True,True,2544,2544,10,25242,,,
Organization,https://api.github.com/users/exacity,https://github.com/exacity,https://github.com/exacity/deeplearningbook-chinese,https://api.github.com/repos/exacity/deeplearningbook-chinese,False,2016-12-07T11:46:51Z,2019-06-25T14:12:40Z,8859,25112,TeX,True,True,7318,7318,41,25112,,,
User,https://api.github.com/users/soimort,https://github.com/soimort,https://github.com/soimort/you-get,https://api.github.com/repos/soimort/you-get,False,2012-08-20T15:53:36Z,2019-06-25T15:10:19Z,3135,25108,Python,False,True,5001,5001,317,25108,,,
Organization,https://api.github.com/users/Leaflet,https://github.com/Leaflet,https://github.com/Leaflet/Leaflet,https://api.github.com/repos/Leaflet/Leaflet,False,2010-09-22T16:57:44Z,2019-06-25T10:17:49Z,48769,25102,JavaScript,True,False,4097,4097,437,25102,,,
Organization,https://api.github.com/users/python,https://github.com/python,https://github.com/python/cpython,https://api.github.com/repos/python/cpython,False,2017-02-10T19:23:51Z,2019-06-25T15:11:35Z,289392,25090,Python,False,False,10407,10407,964,25090,,,
User,https://api.github.com/users/ageitgey,https://github.com/ageitgey,https://github.com/ageitgey/face_recognition,https://api.github.com/repos/ageitgey/face_recognition,False,2017-03-03T21:52:39Z,2019-06-25T15:08:38Z,103846,25022,Python,True,True,6697,6697,331,25022,,,
Organization,https://api.github.com/users/pixijs,https://github.com/pixijs,https://github.com/pixijs/pixi.js,https://api.github.com/repos/pixijs/pixi.js,False,2013-01-21T22:40:50Z,2019-06-25T13:53:52Z,68863,25014,JavaScript,True,True,3517,3517,125,25014,,,
User,https://api.github.com/users/photonstorm,https://github.com/photonstorm,https://github.com/photonstorm/phaser,https://api.github.com/repos/photonstorm/phaser,False,2013-04-12T12:27:51Z,2019-06-25T15:06:39Z,290844,24994,JavaScript,True,False,5963,5963,198,24994,,,
Organization,https://api.github.com/users/apache,https://github.com/apache,https://github.com/apache/incubator-superset,https://api.github.com/repos/apache/incubator-superset,False,2015-07-21T18:55:34Z,2019-06-25T13:54:31Z,104184,24908,JavaScript,True,False,4787,4787,296,24908,,,
User,https://api.github.com/users/justjavac,https://github.com/justjavac,https://github.com/justjavac/awesome-wechat-weapp,https://api.github.com/repos/justjavac/awesome-wechat-weapp,False,2016-09-22T20:04:48Z,2019-06-25T14:39:06Z,649,24824,,True,False,5350,5350,1,24824,,,
User,https://api.github.com/users/fatedier,https://github.com/fatedier,https://github.com/fatedier/frp,https://api.github.com/repos/fatedier/frp,False,2015-12-21T15:24:59Z,2019-06-25T14:38:25Z,14200,24761,Go,True,True,4443,4443,39,24761,,,
Organization,https://api.github.com/users/prometheus,https://github.com/prometheus,https://github.com/prometheus/prometheus,https://api.github.com/repos/prometheus/prometheus,False,2012-11-24T11:14:12Z,2019-06-25T14:58:06Z,77172,24753,Go,True,True,3507,3507,380,24753,,,
User,https://api.github.com/users/jashkenas,https://github.com/jashkenas,https://github.com/jashkenas/underscore,https://api.github.com/repos/jashkenas/underscore,False,2009-10-25T18:31:06Z,2019-06-25T15:03:41Z,4533,24608,JavaScript,True,True,5404,5404,122,24608,,,
User,https://api.github.com/users/jondot,https://github.com/jondot,https://github.com/jondot/awesome-react-native,https://api.github.com/repos/jondot/awesome-react-native,False,2015-03-26T19:58:06Z,2019-06-25T15:09:14Z,4575,24521,JavaScript,True,True,3005,3005,15,24521,,,
Organization,https://api.github.com/users/styled-components,https://github.com/styled-components,https://github.com/styled-components/styled-components,https://api.github.com/repos/styled-components/styled-components,False,2016-08-16T06:41:32Z,2019-06-25T14:54:26Z,8945,24479,JavaScript,True,False,1445,1445,78,24479,,,
User,https://api.github.com/users/bayandin,https://github.com/bayandin,https://github.com/bayandin/awesome-awesomeness,https://api.github.com/repos/bayandin/awesome-awesomeness,False,2014-07-08T05:44:19Z,2019-06-25T13:30:25Z,221,24426,Ruby,True,False,3052,3052,8,24426,,,
Organization,https://api.github.com/users/shadowsocks,https://github.com/shadowsocks,https://github.com/shadowsocks/shadowsocks-android,https://api.github.com/repos/shadowsocks/shadowsocks-android,False,2012-12-16T13:40:29Z,2019-06-25T14:42:07Z,51197,24426,Kotlin,True,True,9531,9531,11,24426,,,
Organization,https://api.github.com/users/home-assistant,https://github.com/home-assistant,https://github.com/home-assistant/home-assistant,https://api.github.com/repos/home-assistant/home-assistant,False,2013-09-17T07:29:48Z,2019-06-25T14:56:20Z,113389,24424,Python,True,False,7119,7119,1269,24424,,,
Organization,https://api.github.com/users/nylas,https://github.com/nylas,https://github.com/nylas/nylas-mail,https://api.github.com/repos/nylas/nylas-mail,False,2014-10-16T18:29:12Z,2019-06-25T11:39:24Z,87026,24386,JavaScript,True,False,1386,1386,1044,24386,,,
Organization,https://api.github.com/users/proxyee-down-org,https://github.com/proxyee-down-org,https://github.com/proxyee-down-org/proxyee-down,https://api.github.com/repos/proxyee-down-org/proxyee-down,False,2017-10-25T10:07:27Z,2019-06-25T15:10:21Z,26846,24372,Java,False,True,4393,4393,212,24372,,,
User,https://api.github.com/users/johnpapa,https://github.com/johnpapa,https://github.com/johnpapa/angular-styleguide,https://api.github.com/repos/johnpapa/angular-styleguide,False,2014-07-29T00:07:51Z,2019-06-25T14:48:10Z,4140,24196,,True,False,4503,4503,79,24196,,,
Organization,https://api.github.com/users/open-guides,https://github.com/open-guides,https://github.com/open-guides/og-aws,https://api.github.com/repos/open-guides/og-aws,False,2016-07-13T17:30:16Z,2019-06-25T09:22:53Z,6465,24185,Shell,True,False,2170,2170,118,24185,,,
User,https://api.github.com/users/JakeWharton,https://github.com/JakeWharton,https://github.com/JakeWharton/butterknife,https://api.github.com/repos/JakeWharton/butterknife,False,2013-03-05T08:18:59Z,2019-06-25T14:31:29Z,3814,24085,Java,True,False,4552,4552,106,24085,,,
User,https://api.github.com/users/imhuay,https://github.com/imhuay,https://github.com/imhuay/Algorithm_Interview_Notes-Chinese,https://api.github.com/repos/imhuay/Algorithm_Interview_Notes-Chinese,False,2018-06-06T12:53:14Z,2019-06-25T14:58:59Z,233283,24072,Python,True,True,7394,7394,26,24072,,,
User,https://api.github.com/users/alex,https://github.com/alex,https://github.com/alex/what-happens-when,https://api.github.com/repos/alex/what-happens-when,False,2013-11-07T04:30:06Z,2019-06-25T12:14:36Z,247,24071,,True,True,1679,1679,119,24071,,,
User,https://api.github.com/users/kenwheeler,https://github.com/kenwheeler,https://github.com/kenwheeler/slick,https://api.github.com/repos/kenwheeler/slick,False,2014-03-24T02:10:05Z,2019-06-25T09:02:25Z,3641,24008,JavaScript,True,False,4834,4834,1103,24008,,,
User,https://api.github.com/users/knsv,https://github.com/knsv,https://github.com/knsv/mermaid,https://api.github.com/repos/knsv/mermaid,False,2014-11-01T23:52:32Z,2019-06-25T14:06:26Z,32185,23907,JavaScript,True,True,1425,1425,280,23907,,,
User,https://api.github.com/users/Blankj,https://github.com/Blankj,https://github.com/Blankj/AndroidUtilCode,https://api.github.com/repos/Blankj/AndroidUtilCode,False,2016-07-30T18:18:32Z,2019-06-25T13:32:04Z,44967,23816,Java,True,False,7834,7834,40,23816,,,
Organization,https://api.github.com/users/php,https://github.com/php,https://github.com/php/php-src,https://api.github.com/repos/php/php-src,False,2011-06-16T01:52:25Z,2019-06-25T14:46:39Z,367292,23763,C,False,False,5505,5505,167,23763,,,
User,https://api.github.com/users/Avik-Jain,https://github.com/Avik-Jain,https://github.com/Avik-Jain/100-Days-Of-ML-Code,https://api.github.com/repos/Avik-Jain/100-Days-Of-ML-Code,False,2018-07-05T09:11:43Z,2019-06-25T13:25:10Z,10970,23755,Python,True,True,5575,5575,41,23755,,,
Organization,https://api.github.com/users/Modernizr,https://github.com/Modernizr,https://github.com/Modernizr/Modernizr,https://api.github.com/repos/Modernizr/Modernizr,False,2009-09-25T20:13:23Z,2019-06-25T14:10:55Z,16861,23731,JavaScript,True,True,3041,3041,188,23731,,,
Organization,https://api.github.com/users/bilibili,https://github.com/bilibili,https://github.com/bilibili/ijkplayer,https://api.github.com/repos/bilibili/ijkplayer,False,2013-06-03T04:12:04Z,2019-06-25T13:50:36Z,8034,23730,C,True,True,6263,6263,2271,23730,,,
Organization,https://api.github.com/users/select2,https://github.com/select2,https://github.com/select2/select2,https://api.github.com/repos/select2/select2,False,2012-03-04T18:43:12Z,2019-06-25T14:38:22Z,9876,23681,JavaScript,True,False,5627,5627,86,23681,,,
Organization,https://api.github.com/users/ethereum,https://github.com/ethereum,https://github.com/ethereum/go-ethereum,https://api.github.com/repos/ethereum/go-ethereum,False,2013-12-26T13:05:46Z,2019-06-25T14:53:50Z,128260,23655,Go,True,True,8447,8447,522,23655,,,
User,https://api.github.com/users/ryanmcdermott,https://github.com/ryanmcdermott,https://github.com/ryanmcdermott/clean-code-javascript,https://api.github.com/repos/ryanmcdermott/clean-code-javascript,False,2016-11-25T22:25:41Z,2019-06-25T14:57:23Z,440,23590,JavaScript,True,True,2566,2566,25,23590,,,
User,https://api.github.com/users/shengxinjing,https://github.com/shengxinjing,https://github.com/shengxinjing/programmer-job-blacklist,https://api.github.com/repos/shengxinjing/programmer-job-blacklist,False,2016-06-25T06:09:10Z,2019-06-25T12:20:25Z,329,23356,Shell,True,True,1466,1466,105,23356,,,
Organization,https://api.github.com/users/doocs,https://github.com/doocs,https://github.com/doocs/advanced-java,https://api.github.com/repos/doocs/advanced-java,False,2018-10-06T11:38:30Z,2019-06-25T15:10:21Z,5321,23343,Java,True,False,5805,5805,16,23343,,,
User,https://api.github.com/users/floodsung,https://github.com/floodsung,https://github.com/floodsung/Deep-Learning-Papers-Reading-Roadmap,https://api.github.com/repos/floodsung/Deep-Learning-Papers-Reading-Roadmap,False,2016-10-14T11:49:48Z,2019-06-25T14:37:52Z,3626,23270,Python,True,True,5289,5289,75,23270,,,
Organization,https://api.github.com/users/isocpp,https://github.com/isocpp,https://github.com/isocpp/CppCoreGuidelines,https://api.github.com/repos/isocpp/CppCoreGuidelines,False,2015-08-19T20:22:52Z,2019-06-25T14:18:23Z,24616,23245,Python,True,True,3011,3011,126,23245,,,
Organization,https://api.github.com/users/quilljs,https://github.com/quilljs,https://github.com/quilljs/quill,https://api.github.com/repos/quilljs/quill,False,2012-07-30T23:23:18Z,2019-06-25T13:57:59Z,13073,23156,JavaScript,True,False,1752,1752,578,23156,,,
Organization,https://api.github.com/users/RocketChat,https://github.com/RocketChat,https://github.com/RocketChat/Rocket.Chat,https://api.github.com/repos/RocketChat/Rocket.Chat,False,2015-05-19T07:36:09Z,2019-06-25T15:11:14Z,124545,23148,JavaScript,True,False,4976,4976,2324,23148,,,
User,https://api.github.com/users/ripienaar,https://github.com/ripienaar,https://github.com/ripienaar/free-for-dev,https://api.github.com/repos/ripienaar/free-for-dev,False,2015-03-18T21:06:26Z,2019-06-25T14:49:50Z,1445,23145,HTML,True,False,2500,2500,18,23145,,,
Organization,https://api.github.com/users/containous,https://github.com/containous,https://github.com/containous/traefik,https://api.github.com/repos/containous/traefik,False,2015-09-13T19:04:02Z,2019-06-25T14:21:45Z,44058,23036,Go,True,True,2371,2371,405,23036,,,
Organization,https://api.github.com/users/square,https://github.com/square,https://github.com/square/leakcanary,https://api.github.com/repos/square/leakcanary,False,2015-04-29T23:54:16Z,2019-06-25T13:44:52Z,50086,23029,Kotlin,True,True,3445,3445,39,23029,,,
Organization,https://api.github.com/users/preactjs,https://github.com/preactjs,https://github.com/preactjs/preact,https://api.github.com/repos/preactjs/preact,False,2015-09-11T02:40:18Z,2019-06-25T15:00:00Z,4157,22991,JavaScript,True,True,1192,1192,118,22991,,,
Organization,https://api.github.com/users/godotengine,https://github.com/godotengine,https://github.com/godotengine/godot,https://api.github.com/repos/godotengine/godot,False,2014-01-04T16:05:36Z,2019-06-25T14:06:05Z,322378,22895,C++,True,False,4478,4478,5260,22895,,,
Organization,https://api.github.com/users/zxing,https://github.com/zxing,https://github.com/zxing/zxing,https://api.github.com/repos/zxing/zxing,False,2011-10-12T14:07:27Z,2019-06-25T14:44:16Z,239960,22893,Java,True,True,8187,8187,9,22893,,,
Organization,https://api.github.com/users/request,https://github.com/request,https://github.com/request/request,https://api.github.com/repos/request/request,False,2011-01-23T01:25:14Z,2019-06-25T13:10:18Z,2231,22842,JavaScript,True,False,2683,2683,250,22842,,,
Organization,https://api.github.com/users/DefinitelyTyped,https://github.com/DefinitelyTyped,https://github.com/DefinitelyTyped/DefinitelyTyped,https://api.github.com/repos/DefinitelyTyped/DefinitelyTyped,False,2012-10-05T16:39:45Z,2019-06-25T15:00:50Z,477731,22834,TypeScript,True,True,17923,17923,2976,22834,,,
Organization,https://api.github.com/users/react-boilerplate,https://github.com/react-boilerplate,https://github.com/react-boilerplate/react-boilerplate,https://api.github.com/repos/react-boilerplate/react-boilerplate,False,2015-02-18T14:36:32Z,2019-06-25T14:17:48Z,6797,22788,JavaScript,True,False,4554,4554,16,22788,,,
Organization,https://api.github.com/users/tldr-pages,https://github.com/tldr-pages,https://github.com/tldr-pages/tldr,https://api.github.com/repos/tldr-pages/tldr,False,2013-12-08T07:34:43Z,2019-06-25T14:15:41Z,5368,22762,Python,True,True,1684,1684,82,22762,,,
Organization,https://api.github.com/users/JuliaLang,https://github.com/JuliaLang,https://github.com/JuliaLang/julia,https://api.github.com/repos/JuliaLang/julia,False,2011-04-21T07:01:50Z,2019-06-25T14:52:13Z,171585,22556,Julia,True,False,3406,3406,3367,22556,,,
Organization,https://api.github.com/users/Tencent,https://github.com/Tencent,https://github.com/Tencent/weui,https://api.github.com/repos/Tencent/weui,False,2014-12-18T04:09:54Z,2019-06-25T13:40:49Z,7060,22504,CSS,True,True,5770,5770,121,22504,,,
User,https://api.github.com/users/nvie,https://github.com/nvie,https://github.com/nvie/gitflow,https://api.github.com/repos/nvie/gitflow,False,2010-01-20T23:14:12Z,2019-06-25T13:23:05Z,5251,22456,Shell,True,True,2358,2358,304,22456,,,
User,https://api.github.com/users/mholt,https://github.com/mholt,https://github.com/mholt/caddy,https://api.github.com/repos/mholt/caddy,False,2015-01-13T19:45:03Z,2019-06-25T14:12:11Z,10717,22379,Go,True,True,1775,1775,126,22379,,,
Organization,https://api.github.com/users/apache,https://github.com/apache,https://github.com/apache/spark,https://api.github.com/repos/apache/spark,False,2014-02-25T08:00:08Z,2019-06-25T14:40:17Z,299510,22378,Scala,False,False,19308,19308,503,22378,,,
Organization,https://api.github.com/users/rethinkdb,https://github.com/rethinkdb,https://github.com/rethinkdb/rethinkdb,https://api.github.com/repos/rethinkdb/rethinkdb,False,2012-10-30T05:37:47Z,2019-06-25T14:57:01Z,278338,22292,C++,True,False,1731,1731,1467,22292,,,
Organization,https://api.github.com/users/xitu,https://github.com/xitu,https://github.com/xitu/gold-miner,https://api.github.com/repos/xitu/gold-miner,False,2015-11-04T03:29:13Z,2019-06-25T13:40:52Z,46045,22266,,True,True,3671,3671,39,22266,,,
User,https://api.github.com/users/junegunn,https://github.com/junegunn,https://github.com/junegunn/fzf,https://api.github.com/repos/junegunn/fzf,False,2013-10-23T16:04:23Z,2019-06-25T14:55:49Z,2789,22255,Go,True,True,863,863,146,22255,,,
Organization,https://api.github.com/users/github,https://github.com/github,https://github.com/github/fetch,https://api.github.com/repos/github/fetch,False,2014-10-13T00:26:19Z,2019-06-25T13:36:17Z,440,22225,JavaScript,True,False,2093,2093,10,22225,,,
Organization,https://api.github.com/users/Kong,https://github.com/Kong,https://github.com/Kong/kong,https://api.github.com/repos/Kong/kong,False,2014-11-17T23:56:08Z,2019-06-25T12:27:20Z,12675,22225,Lua,True,False,2719,2719,342,22225,,,
User,https://api.github.com/users/tuvtran,https://github.com/tuvtran,https://github.com/tuvtran/project-based-learning,https://api.github.com/repos/tuvtran/project-based-learning,False,2017-04-12T05:07:46Z,2019-06-25T15:05:01Z,288,22103,,True,True,3729,3729,38,22103,,,
Organization,https://api.github.com/users/harvesthq,https://github.com/harvesthq,https://github.com/harvesthq/chosen,https://api.github.com/repos/harvesthq/chosen,False,2011-04-18T15:07:41Z,2019-06-25T12:39:27Z,3043,22086,HTML,True,False,4215,4215,260,22086,,,
User,https://api.github.com/users/iamkun,https://github.com/iamkun,https://github.com/iamkun/dayjs,https://api.github.com/repos/iamkun/dayjs,False,2018-04-10T09:26:44Z,2019-06-25T15:07:51Z,4335,22041,JavaScript,True,True,1004,1004,44,22041,,,
User,https://api.github.com/users/ZuzooVn,https://github.com/ZuzooVn,https://github.com/ZuzooVn/machine-learning-for-software-engineers,https://api.github.com/repos/ZuzooVn/machine-learning-for-software-engineers,False,2016-10-09T21:20:25Z,2019-06-25T12:12:46Z,396,22027,,True,True,4999,4999,9,22027,,,
User,https://api.github.com/users/aosabook,https://github.com/aosabook,https://github.com/aosabook/500lines,https://api.github.com/repos/aosabook/500lines,False,2013-11-04T02:02:53Z,2019-06-25T14:15:06Z,60078,21861,JavaScript,True,True,4984,4984,47,21861,,,
Organization,https://api.github.com/users/gitlabhq,https://github.com/gitlabhq,https://github.com/gitlabhq/gitlabhq,https://api.github.com/repos/gitlabhq/gitlabhq,False,2011-10-02T16:25:27Z,2019-06-25T14:46:38Z,602286,21857,Ruby,False,False,5567,5567,29,21857,,,
Organization,https://api.github.com/users/angular,https://github.com/angular,https://github.com/angular/angular-cli,https://api.github.com/repos/angular/angular-cli,False,2015-06-04T19:49:37Z,2019-06-25T14:29:31Z,22447,21824,TypeScript,True,True,6906,6906,748,21824,,,
Organization,https://api.github.com/users/grpc,https://github.com/grpc,https://github.com/grpc/grpc,https://api.github.com/repos/grpc/grpc,False,2014-12-08T18:58:53Z,2019-06-25T14:52:08Z,225212,21782,C++,True,True,5062,5062,1366,21782,,,
Organization,https://api.github.com/users/iview,https://github.com/iview,https://github.com/iview/iview,https://api.github.com/repos/iview/iview,False,2016-07-28T01:52:59Z,2019-06-25T14:45:34Z,29166,21728,Vue,True,True,3836,3836,874,21728,,,
User,https://api.github.com/users/mathiasbynens,https://github.com/mathiasbynens,https://github.com/mathiasbynens/dotfiles,https://api.github.com/repos/mathiasbynens/dotfiles,False,2011-09-05T18:07:54Z,2019-06-25T13:43:44Z,837,21683,Shell,True,False,7702,7702,174,21683,,,
User,https://api.github.com/users/ziadoz,https://github.com/ziadoz,https://github.com/ziadoz/awesome-php,https://api.github.com/repos/ziadoz/awesome-php,False,2013-11-26T03:14:19Z,2019-06-25T14:58:37Z,1074,21629,,True,False,4237,4237,148,21629,,,
Organization,https://api.github.com/users/SDWebImage,https://github.com/SDWebImage,https://github.com/SDWebImage/SDWebImage,https://api.github.com/repos/SDWebImage/SDWebImage,False,2009-09-21T17:39:19Z,2019-06-25T10:06:37Z,11054,21614,Objective-C,True,True,5426,5426,26,21614,,,
Organization,https://api.github.com/users/huginn,https://github.com/huginn,https://github.com/huginn/huginn,https://api.github.com/repos/huginn/huginn,False,2013-03-10T06:00:31Z,2019-06-25T13:52:44Z,7662,21603,Ruby,True,True,2344,2344,366,21603,,,
Organization,https://api.github.com/users/shadowsocks,https://github.com/shadowsocks,https://github.com/shadowsocks/ShadowsocksX-NG,https://api.github.com/repos/shadowsocks/ShadowsocksX-NG,False,2016-06-10T11:49:00Z,2019-06-25T15:02:59Z,19065,21536,Swift,True,True,5986,5986,180,21536,,,
Organization,https://api.github.com/users/vuejs,https://github.com/vuejs,https://github.com/vuejs/vue-cli,https://api.github.com/repos/vuejs/vue-cli,False,2015-12-26T23:11:20Z,2019-06-25T14:34:58Z,15514,21402,JavaScript,True,True,3580,3580,361,21402,,,
User,https://api.github.com/users/IanLunn,https://github.com/IanLunn,https://github.com/IanLunn/Hover,https://api.github.com/repos/IanLunn/Hover,False,2014-01-02T14:27:35Z,2019-06-25T15:06:10Z,962,21397,CSS,True,True,4650,4650,29,21397,,,
Organization,https://api.github.com/users/standard,https://github.com/standard,https://github.com/standard/standard,https://api.github.com/repos/standard/standard,False,2015-01-27T01:23:31Z,2019-06-25T13:37:04Z,2100,21392,JavaScript,True,False,1622,1622,93,21392,,,
Organization,https://api.github.com/users/getsentry,https://github.com/getsentry,https://github.com/getsentry/sentry,https://api.github.com/repos/getsentry/sentry,False,2010-08-30T22:06:41Z,2019-06-25T14:57:56Z,113449,21265,Python,True,False,2432,2432,880,21265,,,
User,https://api.github.com/users/herrbischoff,https://github.com/herrbischoff,https://github.com/herrbischoff/awesome-macos-command-line,https://api.github.com/repos/herrbischoff/awesome-macos-command-line,False,2015-09-22T19:37:55Z,2019-06-25T13:33:03Z,496,21243,,False,False,1198,1198,7,21243,,,
User,https://api.github.com/users/crossoverJie,https://github.com/crossoverJie,https://github.com/crossoverJie/JCSprout,https://api.github.com/repos/crossoverJie/JCSprout,False,2017-12-17T09:06:50Z,2019-06-25T09:45:55Z,1072,21187,Java,True,True,5845,5845,19,21187,,,
User,https://api.github.com/users/greenrobot,https://github.com/greenrobot,https://github.com/greenrobot/EventBus,https://api.github.com/repos/greenrobot/EventBus,False,2012-07-16T16:55:40Z,2019-06-25T14:33:38Z,1560,21187,Java,True,True,4308,4308,111,21187,,,
User,https://api.github.com/users/danielgindi,https://github.com/danielgindi,https://github.com/danielgindi/Charts,https://api.github.com/repos/danielgindi/Charts,False,2015-03-20T10:49:12Z,2019-06-25T14:44:34Z,159336,21163,Swift,True,True,4117,4117,442,21163,,,
Organization,https://api.github.com/users/Polymer,https://github.com/Polymer,https://github.com/Polymer/polymer,https://api.github.com/repos/Polymer/polymer,False,2012-08-23T20:56:30Z,2019-06-25T11:56:58Z,29435,21091,HTML,True,True,1998,1998,263,21091,,,
Organization,https://api.github.com/users/postcss,https://github.com/postcss,https://github.com/postcss/postcss,https://api.github.com/repos/postcss/postcss,False,2013-09-24T23:06:48Z,2019-06-25T14:25:20Z,5422,21060,JavaScript,True,False,1151,1151,14,21060,,,
Organization,https://api.github.com/users/emberjs,https://github.com/emberjs,https://github.com/emberjs/ember.js,https://api.github.com/repos/emberjs/ember.js,False,2011-05-25T23:39:40Z,2019-06-25T07:27:37Z,56849,21059,JavaScript,True,False,4175,4175,267,21059,,,
User,https://api.github.com/users/trimstray,https://github.com/trimstray,https://github.com/trimstray/the-book-of-secret-knowledge,https://api.github.com/repos/trimstray/the-book-of-secret-knowledge,False,2018-06-23T10:43:14Z,2019-06-25T15:03:04Z,1218,21056,,True,False,2007,2007,2,21056,,,
Organization,https://api.github.com/users/symfony,https://github.com/symfony,https://github.com/symfony/symfony,https://api.github.com/repos/symfony/symfony,False,2010-01-04T14:21:21Z,2019-06-25T13:22:07Z,139929,21045,PHP,True,False,6985,6985,884,21045,,,
User,https://api.github.com/users/fzaninotto,https://github.com/fzaninotto,https://github.com/fzaninotto/Faker,https://api.github.com/repos/fzaninotto/Faker,False,2011-10-14T22:49:02Z,2019-06-25T14:25:25Z,8027,21026,PHP,True,False,2416,2416,216,21026,,,
